City_ID,City,Country,Date,Lat,Lng,Max Temp,Humidity,Cloudiness,Wind Speed
0,Camacha,PT,2021-10-26 16:27:55,33.0833,-16.3333,69.22,60,40,12.66
1,Ilulissat,GL,2021-10-26 16:27:55,69.2167,-51.1,15.82,53,20,4.61
2,Mahebourg,MU,2021-10-26 16:27:55,-20.4081,57.7,74.25,72,31,16.44
3,Bonthe,SL,2021-10-26 16:27:56,7.5264,-12.505,82.4,72,84,9.26
4,Jamestown,US,2021-10-26 16:27:06,42.097,-79.2353,45.72,99,90,7.0
5,Poum,NC,2021-10-26 16:27:56,-20.2333,164.0167,74.23,76,98,5.88
6,Chuy,UY,2021-10-26 16:27:56,-33.6971,-53.4616,81.36,44,0,9.44
7,Praia Da Vitoria,PT,2021-10-26 16:27:56,38.7333,-27.0667,73.65,83,40,25.48
8,Bereda,ES,2021-10-26 16:27:57,43.2686,-7.5406,67.57,80,28,0.69
9,Punta Arenas,CL,2021-10-26 16:27:38,-53.15,-70.9167,50.11,62,40,34.52
10,Saint-Philippe,RE,2021-10-26 16:27:57,-21.3585,55.7679,74.79,80,42,13.8
11,Tiksi,RU,2021-10-26 16:27:57,71.6872,128.8694,11.66,95,100,2.86
12,Busselton,AU,2021-10-26 16:27:58,-33.65,115.3333,48.04,88,100,4.38
13,Hermanus,ZA,2021-10-26 16:27:58,-34.4187,19.2345,66.79,70,91,18.23
14,Deniliquin,AU,2021-10-26 16:27:58,-35.5333,144.9667,48.0,47,42,6.46
15,Upernavik,GL,2021-10-26 16:27:59,72.7868,-56.1549,15.57,50,87,6.17
16,Ushuaia,AR,2021-10-26 16:27:59,-54.8,-68.3,46.02,76,40,13.8
17,Gat,IL,2021-10-26 16:27:59,31.61,34.7642,74.08,65,0,10.58
18,Cape Town,ZA,2021-10-26 16:26:18,-33.9258,18.4232,80.11,46,0,4.0
19,Progreso,MX,2021-10-26 16:28:00,21.2833,-89.6667,87.12,66,100,6.15
20,Yelizovo,RU,2021-10-26 16:28:00,53.1873,158.3805,32.14,100,75,2.24
21,San Patricio,US,2021-10-26 16:28:01,28.017,-97.5169,83.17,62,99,14.63
22,East London,ZA,2021-10-26 16:23:24,-33.0153,27.9116,67.14,82,75,14.97
23,Rumoi,JP,2021-10-26 16:28:01,43.9344,141.6428,48.65,88,7,4.09
24,Bodden Town,KY,2021-10-26 16:28:02,19.2833,-81.25,87.8,70,20,8.05
25,Cedar City,US,2021-10-26 16:28:03,37.6775,-113.0619,37.18,82,90,4.61
26,Karratha,AU,2021-10-26 16:28:03,-20.7377,116.8463,75.67,46,0,13.04
27,Soyo,AO,2021-10-26 16:28:03,-6.1349,12.3689,80.65,77,55,9.37
28,Hilo,US,2021-10-26 16:28:04,19.7297,-155.09,68.25,84,20,9.22
29,Butaritari,KI,2021-10-26 16:28:04,3.0707,172.7902,81.86,77,40,12.77
30,Bay Roberts,CA,2021-10-26 16:28:05,47.5999,-53.2648,44.65,69,43,5.01
31,Taoudenni,ML,2021-10-26 16:28:05,22.6783,-3.9836,97.72,11,61,1.7
32,Port Blair,IN,2021-10-26 16:28:05,11.6667,92.75,81.1,82,73,8.61
33,Qaanaaq,GL,2021-10-26 16:28:06,77.484,-69.3632,16.0,93,100,13.76
34,Fort Nelson,CA,2021-10-26 16:28:06,58.8053,-122.7002,29.79,100,90,0.0
35,Belmonte,BR,2021-10-26 16:28:06,-15.8631,-38.8828,81.1,65,11,7.36
36,Chunskiy,RU,2021-10-26 16:28:06,56.0815,99.6342,36.99,83,98,6.02
37,Yellowknife,CA,2021-10-26 16:28:07,62.456,-114.3525,36.41,100,90,3.44
38,Mataura,NZ,2021-10-26 16:28:07,-46.1927,168.8643,50.88,100,100,0.98
39,Dikson,RU,2021-10-26 16:28:07,73.5069,80.5464,13.14,88,100,11.03
40,Ozernovskiy,RU,2021-10-26 16:28:08,51.5,156.5167,44.35,89,95,10.58
41,San Andres,CO,2021-10-26 16:28:08,12.5847,-81.7006,87.82,66,20,11.5
42,Halifax,CA,2021-10-26 16:27:42,44.6453,-63.5724,55.45,81,90,5.99
43,Belle Fourche,US,2021-10-26 16:28:08,44.6714,-103.8522,51.31,75,100,16.11
44,Salalah,OM,2021-10-26 16:28:09,17.0151,54.0924,78.89,83,0,2.3
45,Catio,GW,2021-10-26 16:28:09,11.2833,-15.25,85.44,64,100,9.55
46,Faanui,PF,2021-10-26 16:28:09,-16.4833,-151.75,77.4,80,89,10.74
47,Vaini,TO,2021-10-26 16:28:10,-21.2,-175.2,71.76,88,20,11.5
48,Santa Isabel Do Rio Negro,BR,2021-10-26 16:28:10,-0.4139,-65.0192,83.32,82,100,2.84
49,Bredasdorp,ZA,2021-10-26 16:28:10,-34.5322,20.0403,66.27,82,98,20.38
50,Port Alfred,ZA,2021-10-26 16:28:10,-33.5906,26.891,67.15,81,100,28.36
51,Luanda,AO,2021-10-26 16:25:39,-8.8368,13.2343,78.8,73,75,10.36
52,Richards Bay,ZA,2021-10-26 16:28:11,-28.783,32.0377,68.14,91,98,7.85
53,Albany,US,2021-10-26 16:27:59,42.6001,-73.9662,54.27,94,100,1.01
54,Lagoa,PT,2021-10-26 16:28:11,39.05,-27.9833,69.66,85,100,27.63
55,Saskylakh,RU,2021-10-26 16:28:11,71.9167,114.0833,1.78,98,100,1.32
56,Kodiak,US,2021-10-26 16:24:50,57.79,-152.4072,37.27,81,100,9.86
57,Iqaluit,CA,2021-10-26 16:24:18,63.7506,-68.5145,33.53,86,90,8.99
58,Chicama,PE,2021-10-26 16:28:12,-7.8447,-79.1469,61.34,58,36,9.8
59,Flinders,AU,2021-10-26 16:28:12,-34.5833,150.8552,61.21,89,16,4.09
60,Mecca,SA,2021-10-26 16:26:10,21.4267,39.8261,84.24,45,21,6.2
61,Sola,VU,2021-10-26 16:28:13,-13.8833,167.55,80.28,78,48,8.3
62,Carnarvon,AU,2021-10-26 16:28:13,-24.8667,113.6333,64.47,52,75,9.22
63,Hasaki,JP,2021-10-26 16:28:13,35.7333,140.8333,50.29,72,0,3.33
64,Bluff,NZ,2021-10-26 16:28:14,-46.6,168.3333,51.51,92,100,2.46
65,Matay,EG,2021-10-26 16:28:14,28.419,30.7792,80.74,35,0,15.01
66,Karema,TZ,2021-10-26 16:28:14,-6.8205,30.4389,82.35,49,91,7.58
67,Georgetown,MY,2021-10-26 16:28:14,5.4112,100.3354,80.53,92,40,1.01
68,Hobart,AU,2021-10-26 16:25:57,-42.8794,147.3294,45.05,89,89,4.61
69,Curuguaty,PY,2021-10-26 16:28:15,-24.4694,-55.6945,87.35,39,100,2.13
70,Mogadishu,SO,2021-10-26 16:28:15,2.0371,45.3438,80.46,81,28,16.28
71,Ribeira Grande,PT,2021-10-26 16:28:15,38.5167,-28.7,72.0,88,75,18.41
72,Port Elizabeth,ZA,2021-10-26 16:28:16,-33.918,25.5701,68.09,82,75,17.27
73,Kapaa,US,2021-10-26 16:28:16,22.0752,-159.319,73.72,84,1,9.22
74,Homer,US,2021-10-26 16:28:16,59.6425,-151.5483,37.8,85,90,0.0
75,Leningradskiy,RU,2021-10-26 16:28:17,69.3833,178.4167,9.19,94,100,21.18
76,Tawang,IN,2021-10-26 16:28:17,27.5833,91.8667,40.75,87,37,3.78
77,Belyy Yar,RU,2021-10-26 16:28:17,53.6039,91.3903,35.49,87,100,2.24
78,Kahului,US,2021-10-26 16:28:18,20.8947,-156.47,75.85,79,1,3.44
79,Koslan,RU,2021-10-26 16:28:18,63.4564,48.8989,26.22,84,94,5.99
80,Nampa,US,2021-10-26 16:24:00,43.5407,-116.5635,49.71,78,1,0.0
81,Minsk,BY,2021-10-26 16:28:18,53.9,27.5667,42.55,67,100,9.78
82,Qinggang,CN,2021-10-26 16:28:19,46.6833,126.0833,40.28,64,0,7.31
83,Tasiilaq,GL,2021-10-26 16:28:19,65.6145,-37.6368,35.76,75,100,11.05
84,Talaya,RU,2021-10-26 16:28:19,61.3833,152.75,-5.64,95,33,1.52
85,Rikitea,PF,2021-10-26 16:28:20,-23.1203,-134.9692,74.77,79,100,16.78
86,Vihti,FI,2021-10-26 16:28:20,60.417,24.3197,48.78,95,100,7.0
87,Baran,IN,2021-10-26 16:28:20,25.1,76.5167,73.2,54,12,3.78
88,Ternate,ID,2021-10-26 16:28:20,0.8,127.4,81.39,78,97,3.36
89,Bethel,US,2021-10-26 16:28:21,41.3712,-73.414,63.05,93,90,3.0
90,Trairi,BR,2021-10-26 16:26:03,-3.2778,-39.2689,89.44,48,5,17.52
91,San Matias,BO,2021-10-26 16:28:21,-16.3667,-58.4,89.38,39,100,4.83
92,Haines Junction,CA,2021-10-26 16:28:21,60.7522,-137.5108,12.15,85,100,1.14
93,Geraldton,AU,2021-10-26 16:28:22,-28.7667,114.6,62.13,55,40,14.97
94,Melton,AU,2021-10-26 16:28:22,-37.6833,144.5833,50.65,89,87,3.98
95,Chute-Aux-Outardes,CA,2021-10-26 16:28:22,49.1168,-68.399,48.4,66,1,6.91
96,Torbay,CA,2021-10-26 16:28:23,47.6666,-52.7314,43.88,70,90,13.8
97,Saint George,US,2021-10-26 16:28:23,37.1041,-113.5841,55.63,45,1,5.01
98,Simpang,ID,2021-10-26 16:28:23,-1.2667,104.0833,75.43,94,90,0.6
99,Cabo San Lucas,MX,2021-10-26 16:25:28,22.8909,-109.9124,84.06,63,0,5.01
100,Tuatapere,NZ,2021-10-26 16:28:23,-46.1333,167.6833,52.88,97,100,1.86
101,Tuktoyaktuk,CA,2021-10-26 16:28:24,69.4541,-133.0374,26.6,100,90,8.05
102,Solnechnyy,RU,2021-10-26 16:28:24,50.7214,136.6319,36.81,85,51,3.31
103,Athabasca,CA,2021-10-26 16:28:24,54.7169,-113.2854,39.02,75,8,4.56
104,Goure,NE,2021-10-26 16:28:25,13.9835,10.2704,95.02,11,63,9.33
105,Cidreira,BR,2021-10-26 16:28:25,-30.1811,-50.2056,75.88,53,0,9.22
106,Mendi,PG,2021-10-26 16:28:25,-6.1761,143.6513,53.04,97,60,3.27
107,Avarua,CK,2021-10-26 16:28:26,-21.2078,-159.775,71.65,73,96,5.75
108,Lorengau,PG,2021-10-26 16:28:26,-2.0226,147.2712,81.64,76,62,7.09
109,Grozesti,RO,2021-10-26 16:28:26,44.65,23.3167,48.54,51,0,4.99
110,Nagpur,IN,2021-10-26 16:28:26,21.15,79.1,73.42,68,20,0.0
111,Natitingou,BJ,2021-10-26 16:28:27,10.3042,1.3796,92.82,31,95,0.27
112,Ponta Do Sol,PT,2021-10-26 16:28:27,32.6667,-17.1,73.71,68,61,3.44
113,Huaiyin,CN,2021-10-26 16:28:27,33.5886,119.0192,59.36,68,80,2.86
114,Zyryanka,RU,2021-10-26 16:28:27,65.75,150.85,-2.49,96,9,5.55
115,Bud,US,2021-10-26 16:28:28,39.447,-86.1758,54.21,69,3,10.0
116,Havoysund,NO,2021-10-26 16:28:28,70.9963,24.6622,34.03,73,76,31.7
117,Kismayo,SO,2021-10-26 16:28:28,-0.3582,42.5454,79.74,83,52,17.0
118,Atuona,PF,2021-10-26 16:28:29,-9.8,-139.0333,77.07,71,73,13.96
119,Lasa,IT,2021-10-26 16:28:29,46.6166,10.7002,54.48,72,58,5.14
120,Eureka,US,2021-10-26 16:28:29,40.8021,-124.1637,56.19,89,100,5.99
121,Antalaha,MG,2021-10-26 16:28:29,-14.9003,50.2788,73.98,79,1,11.77
122,Cartagena,CO,2021-10-26 16:28:30,10.3997,-75.5144,89.22,66,75,4.61
123,Kavieng,PG,2021-10-26 16:28:30,-2.5744,150.7967,81.61,76,98,6.8
124,Barrow,US,2021-10-26 16:28:30,71.2906,-156.7887,23.02,86,90,8.05
125,Markova,UA,2021-10-26 16:28:31,48.6758,24.4138,38.79,59,10,3.4
126,Araouane,ML,2021-10-26 16:28:31,18.9048,-3.5265,100.53,11,37,6.02
127,Amahai,ID,2021-10-26 16:28:31,-3.3333,128.9167,79.75,83,45,2.3
128,Katsuura,JP,2021-10-26 16:28:32,35.1333,140.3,60.91,74,63,6.17
129,Helena,US,2021-10-26 16:28:32,46.5927,-112.0361,48.34,61,75,7.0
130,Vidim,RU,2021-10-26 16:28:32,56.4088,103.1106,31.73,92,71,4.38
131,Kaitangata,NZ,2021-10-26 16:28:33,-46.2817,169.8464,50.99,98,100,2.66
132,Hithadhoo,MV,2021-10-26 16:28:33,-0.6,73.0833,83.89,74,26,16.69
133,Saldanha,ZA,2021-10-26 16:28:33,-33.0117,17.9442,82.45,60,68,15.05
134,Kysyl-Syr,RU,2021-10-26 16:28:33,63.8986,122.7617,28.4,98,100,4.12
135,Laela,TZ,2021-10-26 16:28:34,-8.5667,32.05,79.09,22,80,5.35
136,Nikolskoye,RU,2021-10-26 16:28:34,59.7035,30.7861,44.87,87,100,7.78
137,Muros,ES,2021-10-26 16:28:35,42.7762,-9.0603,70.3,64,6,4.85
138,Batagay-Alyta,RU,2021-10-26 16:28:35,67.8006,130.4114,3.69,90,100,2.86
139,Airai,TL,2021-10-26 16:28:35,-8.9266,125.4092,63.3,86,9,0.72
140,Suhbaatar,MN,2021-10-26 16:28:35,50.2314,106.2078,36.52,63,2,3.58
141,Pisco,PE,2021-10-26 16:28:36,-13.7,-76.2167,66.25,68,0,8.05
142,Pinega,RU,2021-10-26 16:28:36,64.7001,43.3936,28.36,96,100,8.5
143,New Norfolk,AU,2021-10-26 16:28:36,-42.7826,147.0587,44.71,74,98,1.92
144,Glace Bay,CA,2021-10-26 16:28:37,46.1969,-59.957,54.9,70,90,1.99
145,Olafsvik,IS,2021-10-26 16:28:37,64.8945,-23.7142,40.62,78,100,27.13
146,Clyde River,CA,2021-10-26 16:28:37,70.4692,-68.5914,21.88,84,100,4.43
147,Puerto Rondon,CO,2021-10-26 16:28:38,6.2805,-71.1,82.96,75,94,5.55
148,Korla,CN,2021-10-26 16:28:38,41.7597,86.1469,49.5,38,0,2.91
149,Souillac,MU,2021-10-26 16:28:38,-20.5167,57.5167,74.35,74,21,15.46
150,Avera,US,2021-10-26 16:28:39,33.194,-82.5271,66.9,51,0,8.46
151,Guerrero Negro,MX,2021-10-26 16:28:39,27.9769,-114.0611,68.05,72,83,23.09
152,Hualmay,PE,2021-10-26 16:28:39,-11.0964,-77.6139,68.5,69,56,10.56
153,Bengkulu,ID,2021-10-26 16:28:39,-3.8004,102.2655,76.68,91,100,5.75
154,Sao Filipe,CV,2021-10-26 16:28:40,14.8961,-24.4956,80.35,75,84,9.19
155,Zhuanghe,CN,2021-10-26 16:28:40,39.7008,122.9911,51.4,47,0,8.61
156,Oktyabrskoye,RU,2021-10-26 16:28:40,43.0645,44.7417,35.74,93,75,6.71
157,Tigil,RU,2021-10-26 16:28:41,57.8,158.6667,30.88,99,100,3.89
158,Bambous Virieux,MU,2021-10-26 16:28:41,-20.3428,57.7575,74.21,71,36,16.35
159,Chokurdakh,RU,2021-10-26 16:24:16,70.6333,147.9167,-21.12,100,37,3.74
160,Puerto Ayora,EC,2021-10-26 16:25:13,-0.7393,-90.3518,73.36,76,72,9.1
161,Gizo,SB,2021-10-26 16:28:41,-8.103,156.8419,81.03,74,95,5.97
162,Oktyabrskiy,RU,2021-10-26 16:28:42,54.4815,53.471,33.42,59,87,14.38
163,La Ronge,CA,2021-10-26 16:28:42,55.1001,-105.2842,43.05,87,90,9.22
164,Saint-Francois,FR,2021-10-26 16:28:42,46.4154,3.9054,56.64,73,0,5.75
165,Dubbo,AU,2021-10-26 16:28:42,-32.25,148.6167,50.13,76,43,10.36
166,Wakkanai,JP,2021-10-26 16:28:43,45.4094,141.6739,52.77,79,2,7.7
167,Port Augusta,AU,2021-10-26 16:28:43,-32.5,137.7667,75.34,16,2,7.47
168,Sinnamary,GF,2021-10-26 16:28:43,5.3833,-52.95,81.81,82,77,10.33
169,Severo-Kurilsk,RU,2021-10-26 16:28:43,50.6789,156.125,44.01,86,67,7.14
170,Puerto Suarez,BO,2021-10-26 16:28:44,-18.95,-57.8,86.36,66,75,0.0
171,Yanam,IN,2021-10-26 16:28:44,16.7333,82.2167,82.8,76,79,3.83
172,Acapulco,MX,2021-10-26 16:28:45,16.8634,-99.8901,82.53,75,79,0.22
173,Talcahuano,CL,2021-10-26 16:27:37,-36.7167,-73.1167,62.28,72,0,17.27
174,Phalodi,IN,2021-10-26 16:28:45,27.1333,72.3667,80.19,25,0,6.98
175,Thompson,CA,2021-10-26 16:28:45,55.7435,-97.8558,37.56,81,75,6.91
176,Palamos,ES,2021-10-26 16:28:46,41.8484,3.1291,70.11,71,0,3.27
177,Onega,RU,2021-10-26 16:28:46,63.9061,38.1404,38.43,98,100,7.85
178,Bundaberg,AU,2021-10-26 16:28:46,-24.85,152.35,71.22,93,11,1.01
179,Waipawa,NZ,2021-10-26 16:28:46,-41.4122,175.5153,59.63,87,100,6.51
180,Norman Wells,CA,2021-10-26 16:28:47,65.282,-126.8329,26.64,93,75,0.0
181,Aklavik,CA,2021-10-26 16:28:47,68.2191,-135.0107,27.43,96,100,2.21
182,Beloha,MG,2021-10-26 16:28:47,-25.1667,45.05,82.2,50,58,8.63
183,Luderitz,NA,2021-10-26 16:28:47,-26.6481,15.1594,63.45,78,5,4.05
184,Batemans Bay,AU,2021-10-26 16:28:48,-35.7167,150.1833,58.1,88,78,3.42
185,Springbok,ZA,2021-10-26 16:28:48,-29.6643,17.8865,82.94,12,0,7.49
186,Bontang,ID,2021-10-26 16:28:48,0.1333,117.5,79.77,81,27,5.23
187,Denpasar,ID,2021-10-26 16:28:49,-8.65,115.2167,80.26,83,40,4.61
188,Pevek,RU,2021-10-26 16:28:49,69.7008,170.3133,10.63,95,100,9.62
189,Sorland,NO,2021-10-26 16:28:49,67.667,12.6934,46.26,88,90,11.43
190,Tiznit,MA,2021-10-26 16:28:50,29.5833,-9.5,69.15,54,0,10.92
191,Veraval,IN,2021-10-26 16:28:50,20.9,70.3667,80.49,65,5,5.21
192,Ulety,RU,2021-10-26 16:28:50,51.3572,112.4849,34.57,70,6,6.02
193,Margate,GB,2021-10-26 16:28:51,51.3813,1.3862,62.46,79,96,3.0
194,Meulaboh,ID,2021-10-26 16:28:51,4.1363,96.1285,76.96,88,100,5.17
195,Mount Isa,AU,2021-10-26 16:28:51,-20.7333,139.5,73.17,53,84,0.0
196,Deputatskiy,RU,2021-10-26 16:28:51,69.3,139.9,-6.65,98,100,1.79
197,Oranjestad,AW,2021-10-26 16:25:26,12.524,-70.027,87.75,66,75,20.71
198,Inirida,CO,2021-10-26 16:28:52,3.8653,-67.9239,74.34,98,100,3.33
199,Srednekolymsk,RU,2021-10-26 16:28:52,67.45,153.6833,-8.52,100,63,2.91
200,Pirovskoye,RU,2021-10-26 16:28:52,57.6267,92.2658,44.4,70,100,13.15
201,Sitka,US,2021-10-26 16:28:53,57.0531,-135.33,48.09,61,75,10.36
202,Daru,PG,2021-10-26 16:28:53,-9.0763,143.2092,79.99,84,84,12.93
203,Axim,GH,2021-10-26 16:28:53,4.8699,-2.2405,81.68,78,100,8.84
204,Ketchikan,US,2021-10-26 16:28:54,55.3422,-131.6461,45.12,92,100,13.04
205,Dingle,PH,2021-10-26 16:28:54,10.9995,122.6711,76.1,92,88,6.24
206,Klaksvik,FO,2021-10-26 16:28:54,62.2266,-6.589,49.12,97,100,36.35
207,Maltahohe,NA,2021-10-26 16:28:55,-24.8333,16.9833,83.28,6,5,21.43
208,Half Moon Bay,US,2021-10-26 16:28:55,37.4636,-122.4286,59.58,87,75,6.91
209,Meadow Lake,US,2021-10-26 16:28:55,34.8014,-106.5436,68.77,35,1,24.81
210,Brokopondo,SR,2021-10-26 16:28:56,4.75,-55.1667,84.88,64,87,1.12
211,Rosarito,MX,2021-10-26 16:28:56,32.3333,-117.0333,62.4,66,45,5.82
212,Champerico,GT,2021-10-26 16:28:56,14.3,-91.9167,92.77,73,11,4.65
213,Sulangan,PH,2021-10-26 16:28:57,11.1373,123.7228,83.41,75,93,15.86
214,Great Yarmouth,GB,2021-10-26 16:28:57,52.6083,1.7305,61.23,81,100,17.49
215,Talnakh,RU,2021-10-26 16:28:57,69.4865,88.3972,11.55,95,95,6.29
216,Vardo,NO,2021-10-26 16:28:58,70.3705,31.1107,37.38,65,75,29.93
217,Castro,BR,2021-10-26 16:24:13,-24.7911,-50.0119,75.09,47,60,2.91
218,Cayenne,GF,2021-10-26 16:28:58,4.9333,-52.3333,87.84,82,75,8.01
219,Sao Felix Do Xingu,BR,2021-10-26 16:28:58,-6.6447,-51.995,95.86,41,35,1.72
220,Rock Sound,BS,2021-10-26 16:28:59,24.9,-76.2,82.13,76,97,15.66
221,Mar Del Plata,AR,2021-10-26 16:24:10,-38.0023,-57.5575,82.42,26,0,12.66
222,Chauk,MM,2021-10-26 16:28:59,20.8833,94.8167,78.31,85,32,2.84
223,Vestmannaeyjar,IS,2021-10-26 16:28:59,63.4427,-20.2734,45.59,76,90,34.52
224,Arlit,NE,2021-10-26 16:29:00,18.7369,7.3853,98.58,8,0,3.09
225,Mahibadhoo,MV,2021-10-26 16:29:00,3.7833,72.9667,82.6,76,99,12.91
226,Ostrovnoy,RU,2021-10-26 16:29:00,68.0531,39.5131,28.31,83,100,8.25
227,Pangnirtung,CA,2021-10-26 16:29:01,66.1451,-65.7125,24.8,80,75,3.44
228,Florianopolis,BR,2021-10-26 16:29:01,-27.6146,-48.5012,85.26,68,0,3.44
229,Lokomotivnyy,RU,2021-10-26 16:29:02,53.0118,60.5684,31.23,60,7,8.61
230,Orlik,RU,2021-10-26 16:29:02,52.5178,99.825,30.61,69,18,4.41
231,Hamilton,US,2021-10-26 16:29:03,39.1834,-84.5333,55.58,69,40,4.0
232,Zapolyarnyy,RU,2021-10-26 16:29:04,69.4154,30.8136,29.48,94,100,21.09
233,Mao,ES,2021-10-26 16:29:04,39.8885,4.2658,66.76,68,20,13.8
234,Union City,US,2021-10-26 16:25:53,37.5958,-122.0192,59.59,84,40,1.99
235,Isangel,VU,2021-10-26 16:29:04,-19.55,169.2667,74.91,87,3,4.29
236,Sagua La Grande,CU,2021-10-26 16:29:05,22.8067,-80.0756,86.99,61,54,4.88
237,Kruisfontein,ZA,2021-10-26 16:29:05,-34.0033,24.7314,65.88,79,99,19.55
238,Pingshan,CN,2021-10-26 16:29:05,22.9938,114.7131,73.4,81,89,1.77
239,La Paz,BO,2021-10-26 16:27:52,-16.5,-68.15,58.98,30,75,11.5
240,Correia Pinto,BR,2021-10-26 16:29:06,-27.5847,-50.3611,79.77,31,73,1.74
241,Nadym,RU,2021-10-26 16:24:15,65.5333,72.5167,17.53,93,16,9.26
242,San-Pedro,CI,2021-10-26 16:29:06,4.7485,-6.6363,80.28,80,92,9.64
243,Yeppoon,AU,2021-10-26 16:29:06,-23.1333,150.7333,71.38,91,32,6.29
244,San Policarpo,PH,2021-10-26 16:29:06,12.1791,125.5072,80.73,83,72,8.79
245,Kimbe,PG,2021-10-26 16:29:07,-5.5502,150.1429,75.06,93,87,4.14
246,San Quintin,MX,2021-10-26 16:29:07,30.4833,-115.95,63.27,62,0,18.95
247,Lebu,CL,2021-10-26 16:29:07,-37.6167,-73.65,57.04,75,13,16.58
248,Boa Vista,BR,2021-10-26 16:29:08,2.8197,-60.6733,75.18,88,90,3.44
249,Kaman,IN,2021-10-26 16:29:08,27.65,77.2667,74.53,42,0,4.09
250,Guanare,VE,2021-10-26 16:29:08,9.0418,-69.7421,81.72,79,98,4.81
251,Eugene,US,2021-10-26 16:27:08,44.0521,-123.0867,51.82,90,90,3.0
252,Roma,US,2021-10-26 16:26:03,43.2128,-75.4557,53.96,95,90,0.0
253,Alofi,NU,2021-10-26 16:29:09,-19.0595,-169.9187,71.49,88,22,6.91
254,Lima,PE,2021-10-26 16:29:09,-12.0432,-77.0282,68.4,58,20,1.99
255,Petatlan,MX,2021-10-26 16:29:09,17.5167,-101.2667,83.68,71,55,0.85
256,Ocos,GT,2021-10-26 16:29:10,14.5094,-92.1933,92.73,76,15,6.06
257,Howard Springs,AU,2021-10-26 16:29:10,-12.497,131.047,84.11,89,21,6.02
258,Zaysan,KZ,2021-10-26 16:29:10,47.4667,84.8667,48.36,32,5,6.17
259,Ulladulla,AU,2021-10-26 16:29:10,-35.35,150.4667,55.87,89,36,3.87
260,Tortoli,IT,2021-10-26 16:29:11,39.9256,9.6572,66.97,77,0,10.36
261,Lompoc,US,2021-10-26 16:29:11,34.6391,-120.4579,62.42,78,1,0.0
262,Yarega,RU,2021-10-26 16:29:11,63.4354,53.5765,20.48,94,100,2.57
263,Cockburn Town,TC,2021-10-26 16:29:12,21.4612,-71.1419,82.92,73,97,15.79
264,Mehran,IR,2021-10-26 16:29:12,33.1222,46.1646,71.08,21,0,9.64
265,Faaborg,DK,2021-10-26 16:29:12,55.0951,10.2423,52.95,83,77,13.89
266,Gimli,CA,2021-10-26 16:26:07,50.6336,-96.9907,47.43,70,98,26.46
267,Oparino,RU,2021-10-26 16:29:13,59.8518,48.2783,33.94,98,100,7.49
268,Sao Joao Da Barra,BR,2021-10-26 16:29:13,-21.6403,-41.0511,80.69,94,100,2.93
269,Buraydah,SA,2021-10-26 16:29:13,26.326,43.975,90.05,16,0,9.84
270,Villarrica,PY,2021-10-26 16:29:13,-25.75,-56.4333,86.59,39,0,5.12
271,Kerchevskiy,RU,2021-10-26 16:29:14,59.946,56.2884,27.79,95,98,4.27
272,Sibut,CF,2021-10-26 16:29:14,5.718,19.0739,79.81,77,90,1.86
273,Sal Rei,CV,2021-10-26 16:29:14,16.1833,-22.9167,82.6,69,90,18.41
274,Provideniya,RU,2021-10-26 16:29:15,64.3833,-173.3,14.45,81,84,4.83
275,Thomaston,US,2021-10-26 16:29:01,32.8882,-84.3266,64.04,64,1,1.01
276,Maunabo,PR,2021-10-26 16:29:15,18.0072,-65.8993,88.65,76,12,8.28
277,Fortuna,US,2021-10-26 16:29:15,40.5982,-124.1573,55.92,70,40,4.0
278,Farafangana,MG,2021-10-26 16:29:16,-22.8167,47.8333,75.22,83,35,13.31
279,Bowen,AU,2021-10-26 16:29:16,-20.0167,148.2333,70.02,80,10,8.21
280,Puerto Madero,MX,2021-10-26 16:29:17,14.7208,-92.4215,82.6,78,17,6.24
281,Taksimo,RU,2021-10-26 16:29:17,56.3444,114.8794,29.52,90,74,3.38
282,Akyab,MM,2021-10-26 16:29:17,20.15,92.9,78.93,78,95,3.29
283,Namie,JP,2021-10-26 16:29:17,37.4833,141.0,49.71,85,3,5.37
284,Cherskiy,RU,2021-10-26 16:29:18,68.75,161.3,-19.59,100,97,4.74
285,Saurimo,AO,2021-10-26 16:29:18,-9.6608,20.3916,72.27,78,84,4.03
286,Matara,LK,2021-10-26 16:29:18,5.9485,80.5353,78.17,87,100,5.21
287,Gao,ML,2021-10-26 16:29:19,16.6362,1.637,100.89,8,4,9.28
288,Honningsvag,NO,2021-10-26 16:29:19,70.9821,25.9704,33.55,86,75,27.63
289,Coquimbo,CL,2021-10-26 16:29:19,-29.9533,-71.3436,58.73,82,90,8.05
290,Dauphin,CA,2021-10-26 16:24:29,51.1494,-100.0502,41.14,75,90,14.97
291,Chifeng,CN,2021-10-26 16:29:20,42.2683,118.9636,40.8,39,0,5.28
292,Banapur,IN,2021-10-26 16:29:20,19.7833,85.1833,78.8,76,46,7.18
293,Los Llanos De Aridane,ES,2021-10-26 16:29:20,28.6585,-17.9182,71.35,69,40,4.0
294,Lentvaris,LT,2021-10-26 16:29:21,54.65,25.05,46.69,77,90,6.91
295,Narsaq,GL,2021-10-26 16:29:21,60.9167,-46.05,44.82,58,54,4.72
296,Victoria,HK,2021-10-26 16:25:58,22.2855,114.1577,78.85,84,100,3.0
297,San Vicente,AR,2021-10-26 16:29:21,-26.6167,-54.1333,85.53,28,7,1.95
298,Bulaevo,KZ,2021-10-26 16:29:22,54.9056,70.4439,30.16,64,6,11.81
299,Karlshus,NO,2021-10-26 16:29:22,59.352,10.8723,50.58,68,0,3.44
300,Harlingen,US,2021-10-26 16:26:42,26.1906,-97.6961,87.98,83,40,16.11
301,Touros,BR,2021-10-26 16:29:22,-5.1989,-35.4608,86.9,54,13,16.71
302,Corinto,GR,2021-10-26 16:29:23,37.9407,22.9573,62.89,61,44,6.64
303,Portland,US,2021-10-26 16:29:23,45.5234,-122.6762,54.21,89,90,1.01
304,Ahmadpur East,PK,2021-10-26 16:29:23,29.1431,71.2598,79.05,27,3,8.28
305,Wenling,CN,2021-10-26 16:29:24,28.3669,121.36,63.91,85,24,3.96
306,Wanning,CN,2021-10-26 16:29:24,18.8003,110.3967,75.4,91,100,10.8
307,Palembang,ID,2021-10-26 16:29:25,-2.9167,104.7458,77.76,87,99,2.55
308,Takoradi,GH,2021-10-26 16:29:25,4.8845,-1.7554,81.52,80,100,12.01
309,Igarka,RU,2021-10-26 16:29:25,67.4667,86.5833,18.64,89,100,9.66
310,Plettenberg Bay,ZA,2021-10-26 16:29:26,-34.0527,23.3716,65.95,83,89,21.3
311,Vila Franca Do Campo,PT,2021-10-26 16:29:26,37.7167,-25.4333,72.01,71,55,13.04
312,Bilma,NE,2021-10-26 16:29:26,18.6853,12.9164,93.38,9,0,6.71
313,Bandarbeyla,SO,2021-10-26 16:29:26,9.4942,50.8122,79.09,74,2,10.33
314,Abnub,EG,2021-10-26 16:29:27,27.2696,31.1511,81.91,21,0,8.99
315,Sao Gabriel Da Cachoeira,BR,2021-10-26 16:29:27,-0.1303,-67.0892,85.8,70,75,5.75
316,Lata,PT,2021-10-26 16:29:27,40.1629,-8.3327,74.35,32,21,5.06
317,La Union,PE,2021-10-26 16:29:27,-5.4,-80.75,78.98,47,80,6.44
318,Batak,BG,2021-10-26 16:29:28,41.95,24.2167,37.51,90,0,1.61
319,Vila Velha,BR,2021-10-26 16:28:34,-20.3297,-40.2925,76.95,78,0,13.8
320,Mayumba,GA,2021-10-26 16:29:28,-3.432,10.6554,77.16,88,100,8.86
321,Longyearbyen,SJ,2021-10-26 16:29:29,78.2186,15.6401,13.84,67,20,12.66
322,Umm Kaddadah,SD,2021-10-26 16:29:29,13.6017,26.6876,91.83,16,50,7.18
323,Boyolangu,ID,2021-10-26 16:29:29,-8.1181,111.8935,77.13,86,100,4.18
324,Brae,GB,2021-10-26 16:29:30,60.3964,-1.353,51.71,95,100,21.05
325,Adrar,MR,2021-10-26 16:29:30,20.5022,-10.0711,96.12,13,69,7.7
326,Manacapuru,BR,2021-10-26 16:29:30,-3.2997,-60.6206,86.58,61,100,2.33
327,Kavaratti,IN,2021-10-26 16:29:30,10.5669,72.642,82.56,75,39,15.99
328,Grindavik,IS,2021-10-26 16:29:31,63.8424,-22.4338,46.35,65,75,21.85
329,Lixourion,GR,2021-10-26 16:29:31,38.2019,20.4314,66.2,55,75,5.75
330,Caravelas,BR,2021-10-26 16:29:31,-17.7125,-39.2481,84.13,57,80,8.52
331,Yerbogachen,RU,2021-10-26 16:29:32,61.2767,108.0108,16.9,95,65,3.27
332,Dourbali,TD,2021-10-26 16:29:32,11.8091,15.8632,96.75,17,96,6.33
333,Florida,US,2021-10-26 16:29:32,28.7505,-82.5001,84.97,74,40,11.5
334,Chalinze,TZ,2021-10-26 16:29:33,-6.6378,38.354,73.2,88,100,4.25
335,Kalmunai,LK,2021-10-26 16:29:33,7.4167,81.8167,79.41,82,77,4.85
336,Rorvik,NO,2021-10-26 16:29:33,64.8621,11.2373,44.58,79,100,20.6
337,Bardiyah,LY,2021-10-26 16:29:34,31.7561,25.0865,71.49,77,68,16.55
338,Ambilobe,MG,2021-10-26 16:29:34,-13.2,49.05,78.31,66,36,2.98
339,Shibetsu,JP,2021-10-26 16:29:34,43.659,145.132,51.69,89,100,4.92
340,Poltavka,RU,2021-10-26 16:29:35,54.3663,71.7632,31.42,58,5,12.66
341,Krasnomayskiy,RU,2021-10-26 16:29:35,57.6194,34.4099,38.1,80,100,8.72
342,Naze,JP,2021-10-26 16:29:35,28.3667,129.4833,67.24,64,34,5.37
343,Egvekinot,RU,2021-10-26 16:29:35,66.3167,-179.1667,-1.52,91,78,5.35
344,Kaeo,NZ,2021-10-26 16:29:36,-35.1,173.7833,62.33,95,90,1.88
345,Manggar,ID,2021-10-26 16:29:36,-2.8833,108.2667,81.95,73,81,1.57
346,Campoverde,PE,2021-10-26 16:29:36,-8.4753,-74.8058,78.49,63,100,3.62
347,La Solana,ES,2021-10-26 16:29:37,38.9442,-3.2381,68.5,26,95,13.8
348,Ancud,CL,2021-10-26 16:29:37,-41.8697,-73.8203,58.42,79,100,10.6
349,Arona,ES,2021-10-26 16:29:37,28.0996,-16.681,70.32,59,40,16.11
350,Mount Gambier,AU,2021-10-26 16:29:08,-37.8333,140.7667,53.51,58,13,9.22
351,Port Hardy,CA,2021-10-26 16:29:38,50.6996,-127.4199,48.38,81,75,14.97
352,Rauma,FI,2021-10-26 16:29:38,61.1272,21.5113,48.24,92,100,12.64
353,Turochak,RU,2021-10-26 16:29:38,52.2576,87.1224,42.67,66,32,2.73
354,Kawalu,ID,2021-10-26 16:29:39,-7.3817,108.2082,73.13,95,100,1.52
355,Toccoa,US,2021-10-26 16:25:53,34.5773,-83.3324,67.59,51,1,0.0
356,Sarh,TD,2021-10-26 16:29:39,9.1429,18.3923,87.71,70,20,0.0
357,Ibra,OM,2021-10-26 16:29:39,22.6906,58.5334,77.45,64,4,15.14
358,Dukat,RU,2021-10-26 16:29:40,62.55,155.55,-1.59,93,18,2.39
359,Muzaffarabad,PK,2021-10-26 16:29:40,34.37,73.4711,59.95,68,98,4.36
360,Saint-Pierre,RE,2021-10-26 16:29:40,-21.3393,55.4781,74.88,72,0,3.44
361,Kudahuvadhoo,MV,2021-10-26 16:29:41,2.6708,72.8944,82.38,77,87,16.17
362,Beringovskiy,RU,2021-10-26 16:29:41,63.05,179.3167,12.09,96,100,19.48
363,Kasongo-Lunda,CD,2021-10-26 16:29:41,-6.4667,16.8167,85.01,63,74,1.28
364,Maldonado,UY,2021-10-26 16:29:42,-34.6667,-54.9167,87.19,44,0,13.85
365,Nemuro,JP,2021-10-26 16:29:42,43.3236,145.575,54.14,78,100,12.5
366,Stephenville,US,2021-10-26 16:29:42,32.2207,-98.2023,75.81,84,90,9.22
367,Cap Malheureux,MU,2021-10-26 16:29:42,-19.9842,57.6142,74.46,71,6,7.0
368,Nichinan,JP,2021-10-26 16:29:43,31.6,131.3667,55.76,74,87,3.38
369,Manjacaze,MZ,2021-10-26 16:29:43,-24.7117,33.8828,71.78,79,79,9.24
370,Misratah,LY,2021-10-26 16:29:43,32.3754,15.0925,73.98,65,4,19.93
371,Ahipara,NZ,2021-10-26 16:29:44,-35.1667,173.1667,59.09,95,97,5.57
372,San Cristobal,VE,2021-10-26 16:29:44,7.7669,-72.225,75.38,54,100,7.11
373,Severo-Yeniseyskiy,RU,2021-10-26 16:29:44,60.3725,93.0408,31.14,83,100,11.61
374,Agadir,MA,2021-10-26 16:29:45,30.4202,-9.5982,73.85,52,0,10.87
375,Iguape,BR,2021-10-26 16:29:45,-24.7081,-47.5553,74.34,71,90,7.36
376,Aripuana,BR,2021-10-26 16:27:11,-9.1667,-60.6333,82.8,65,100,4.52
377,Otaru,JP,2021-10-26 16:29:46,43.1894,141.0022,47.41,79,7,4.34
378,Redlands,US,2021-10-26 16:29:46,34.0556,-117.1825,60.15,82,20,0.0
379,Hami,CN,2021-10-26 16:29:46,42.8,93.45,52.32,27,0,6.49
380,Nuuk,GL,2021-10-26 16:29:22,64.1835,-51.7216,32.61,51,1,14.97
381,Sitrah,BH,2021-10-26 16:29:47,26.1547,50.6206,84.2,51,0,1.99
382,Thaton,MM,2021-10-26 16:29:47,16.9206,97.3714,77.9,81,9,1.7
383,Jawor,PL,2021-10-26 16:29:47,51.0513,16.1935,52.02,73,71,5.75
384,Tabuk,PH,2021-10-26 16:29:48,17.4189,121.4443,73.08,92,54,3.4
385,Presidencia Roque Saenz Pena,AR,2021-10-26 16:29:48,-26.7852,-60.4388,95.79,12,0,8.34
386,Alberton,CA,2021-10-26 16:29:48,46.8168,-64.0654,53.73,73,100,9.4
387,Price,US,2021-10-26 16:29:49,39.5994,-110.8107,45.12,60,90,28.77
388,Port Lincoln,AU,2021-10-26 16:29:49,-34.7333,135.8667,71.65,38,37,19.71
389,Saint-Augustin,CA,2021-10-26 16:29:49,51.226,-58.6502,44.85,49,4,5.93
390,Arraial Do Cabo,BR,2021-10-26 16:29:49,-22.9661,-42.0278,78.76,78,75,12.66
391,Taree,AU,2021-10-26 16:29:50,-31.9,152.4667,58.93,94,20,3.44
392,Ixtapa,MX,2021-10-26 16:29:50,20.7,-105.2,85.23,76,35,1.99
393,Sri Aman,MY,2021-10-26 16:29:50,1.2376,111.4621,77.05,100,100,0.0
394,Bernay,FR,2021-10-26 16:29:51,49.1667,0.6667,59.07,83,98,4.0
395,Kirakira,SB,2021-10-26 16:29:51,-10.4544,161.9205,79.0,85,85,5.73
396,Batsfjord,NO,2021-10-26 16:29:51,70.6345,29.7185,37.4,74,90,26.46
397,Codrington,AU,2021-10-26 16:29:52,-38.2667,141.9667,49.32,67,20,10.02
398,Nantucket,US,2021-10-26 16:29:52,41.2835,-70.0995,64.96,82,90,13.8
399,Tyrma,RU,2021-10-26 16:29:52,50.0833,132.1667,38.5,95,100,1.28
400,Nhulunbuy,AU,2021-10-26 16:29:53,-12.2333,136.7667,81.21,83,32,0.0
401,Kingman,US,2021-10-26 16:29:53,35.1894,-114.053,53.29,62,1,5.75
402,Fasa,IR,2021-10-26 16:29:53,28.9383,53.6482,61.84,25,0,4.61
403,Nishihara,JP,2021-10-26 16:29:54,26.1842,127.7558,72.68,60,0,9.22
404,Palmer,US,2021-10-26 16:29:54,42.1584,-72.3287,60.55,81,90,3.0
405,Asau,RO,2021-10-26 16:29:54,46.4333,26.4,46.4,56,0,2.93
406,Tahe,CN,2021-10-26 16:29:55,52.3333,124.7333,33.98,75,100,3.47
407,Laurel,US,2021-10-26 16:27:35,39.0993,-76.8483,67.44,74,90,5.99
408,Bullhead City,US,2021-10-26 16:29:55,35.1478,-114.5683,65.28,48,0,2.77
409,Maningrida,AU,2021-10-26 16:29:55,-12.0667,134.2667,81.36,80,17,7.54
410,Tapes,BR,2021-10-26 16:29:56,-30.6733,-51.3958,79.66,48,0,6.46
411,Ugoofaaru,MV,2021-10-26 16:29:56,5.6667,73.0,81.77,77,75,12.66
412,Aurillac,FR,2021-10-26 16:29:56,44.9167,2.45,56.28,70,0,5.75
413,Trincomalee,LK,2021-10-26 16:29:57,8.5711,81.2335,82.67,72,100,9.31
414,Mosetse,BW,2021-10-26 16:29:57,-20.75,26.65,80.98,42,82,8.99
415,Katobu,ID,2021-10-26 16:29:57,-4.9408,122.5276,76.86,90,22,3.33
416,Albignasego,IT,2021-10-26 16:29:58,45.3475,11.8672,60.8,54,32,6.55
417,Valley City,US,2021-10-26 16:29:58,46.9233,-98.0032,47.14,76,90,20.71
418,Sosnovo-Ozerskoye,RU,2021-10-26 16:29:58,52.5249,111.5418,30.27,80,22,7.96
419,Alvorada,BR,2021-10-26 16:29:58,-12.48,-49.1247,93.24,42,49,7.54
420,Ust-Maya,RU,2021-10-26 16:29:59,60.4167,134.5333,32.63,99,100,3.33
421,Paamiut,GL,2021-10-26 16:29:59,61.994,-49.6678,36.43,51,0,7.61
422,Aleksandriya,RU,2021-10-26 16:29:59,45.0947,43.2456,38.97,54,3,6.46
423,Lahij,YE,2021-10-26 16:30:00,13.1667,44.5833,79.97,58,12,8.9
424,Rawson,AR,2021-10-26 16:30:01,-43.3002,-65.1023,75.04,22,98,32.1
425,Nalut,LY,2021-10-26 16:30:01,30.3333,10.85,71.11,45,97,7.76
426,Peace River,CA,2021-10-26 16:27:22,56.2501,-117.286,36.66,100,75,1.99
427,Nanortalik,GL,2021-10-26 16:30:02,60.1432,-45.2371,37.71,70,97,2.13
428,Hope,US,2021-10-26 16:30:03,33.6671,-93.5916,66.97,45,57,8.46
429,Teguise,ES,2021-10-26 16:28:09,29.0605,-13.564,73.62,50,20,20.71
430,Khatanga,RU,2021-10-26 16:30:04,71.9667,102.5,1.94,98,100,3.47
431,Najran,SA,2021-10-26 16:30:05,17.4924,44.1277,77.65,12,5,4.07
432,Dano,BF,2021-10-26 16:30:05,11.15,-3.0667,94.33,30,59,6.93
433,Carauari,BR,2021-10-26 16:30:06,-4.8828,-66.8958,79.32,88,95,3.44
434,Esperance,AU,2021-10-26 16:30:07,-33.8667,121.9,49.84,85,92,14.36
435,Padang,ID,2021-10-26 16:30:07,-0.9492,100.3543,77.07,91,100,6.85
436,Corowa,AU,2021-10-26 16:30:08,-36.0333,146.3833,50.38,88,98,5.75
437,Vila Do Maio,CV,2021-10-26 16:30:09,15.1333,-23.2167,83.19,75,82,14.07
438,Diamantino,BR,2021-10-26 16:30:10,-14.4086,-56.4461,91.04,45,78,4.97
439,Mnogovershinnyy,RU,2021-10-26 16:30:10,53.9353,139.9242,30.13,87,57,2.77
440,Fare,PF,2021-10-26 16:30:11,-16.7,-151.0167,77.36,79,82,7.96
441,Andenes,NO,2021-10-26 16:30:12,69.3143,16.1194,36.07,93,75,17.27
442,Lavrentiya,RU,2021-10-26 16:30:12,65.5833,-171.0,13.28,77,92,7.09
443,Berlevag,NO,2021-10-26 16:30:13,70.8578,29.0864,33.8,75,75,29.93
444,Komsomolskiy,UZ,2021-10-26 16:30:13,40.4272,71.7189,54.82,40,41,4.61
445,Bambanglipuro,ID,2021-10-26 16:30:14,-7.95,110.2833,78.04,80,99,5.17
446,Gamba,GA,2021-10-26 16:30:14,-2.65,10.0,77.29,86,96,8.21
447,Durres,AL,2021-10-26 16:30:15,41.3231,19.4414,57.38,46,3,6.85
448,Yamada,JP,2021-10-26 16:30:15,39.4667,141.95,49.48,81,3,4.76
449,Porto Tolle,IT,2021-10-26 16:30:16,44.9497,12.3245,59.09,67,89,7.99
450,Khanu Woralaksaburi,TH,2021-10-26 16:30:16,16.0617,99.8606,75.81,86,36,1.88
451,Sosnovoborsk,RU,2021-10-26 16:30:16,56.1325,93.3589,54.95,61,100,8.81
452,Biak,ID,2021-10-26 16:30:16,-0.9131,122.8766,77.18,85,86,1.39
453,Worland,US,2021-10-26 16:30:17,44.0169,-107.9554,44.08,84,90,20.0
454,Coihaique,CL,2021-10-26 16:30:17,-45.5752,-72.0662,56.01,66,75,12.66
455,Garissa,KE,2021-10-26 16:30:18,-0.4536,39.6401,85.32,51,98,21.74
456,Gainesville,US,2021-10-26 16:28:37,29.6516,-82.3248,82.02,54,1,1.01
457,Wentzville,US,2021-10-26 16:30:18,38.8114,-90.8529,56.68,67,0,1.01
458,Puksoozero,RU,2021-10-26 16:30:18,62.5903,40.6066,36.01,98,100,8.1
459,Grand Gaube,MU,2021-10-26 16:30:19,-20.0064,57.6608,74.37,71,9,7.0
460,Derzhavinsk,KZ,2021-10-26 16:30:19,51.1,66.3167,32.41,49,35,7.0
461,Omboue,GA,2021-10-26 16:30:19,-1.5746,9.2618,77.79,86,92,8.99
462,Jurado,CO,2021-10-26 16:30:20,7.1053,-77.7641,82.06,78,66,5.44
463,Atar,MR,2021-10-26 16:30:20,20.5169,-13.0499,97.63,16,77,11.61
464,Tautira,PF,2021-10-26 16:30:20,-17.7333,-149.15,73.42,80,92,4.83
465,Baghdad,IQ,2021-10-26 16:30:21,33.3406,44.4009,76.91,29,0,5.75
466,Ossora,RU,2021-10-26 16:30:21,59.2353,163.0719,19.11,85,41,4.85
467,Yulara,AU,2021-10-26 16:30:22,-25.2406,130.9889,76.84,50,50,5.75
468,Campo Formoso,BR,2021-10-26 16:30:22,-10.5075,-40.3214,90.12,31,13,14.56
469,Beyneu,KZ,2021-10-26 16:30:22,45.3167,55.2,43.74,52,16,9.28
470,Bilibino,RU,2021-10-26 16:30:22,68.0546,166.4372,-15.93,100,100,0.76
471,Cosala,MX,2021-10-26 16:30:23,24.4125,-106.6908,82.45,60,0,3.87
472,Katherine,AU,2021-10-26 16:30:23,-14.4667,132.2667,86.32,62,10,10.36
473,Ormara,PK,2021-10-26 16:26:11,25.2088,64.6357,78.94,66,0,11.41
474,San Jeronimo,PE,2021-10-26 16:30:24,-11.9472,-75.2829,67.03,35,56,6.6
475,Tarrafal,CV,2021-10-26 16:30:24,15.2833,-23.7667,83.19,74,75,15.28
476,Liverpool,GB,2021-10-26 16:27:17,53.4106,-2.9779,62.31,77,40,5.99
477,Churapcha,RU,2021-10-26 16:30:24,62.0025,132.4325,29.05,99,100,2.21
478,Russell,US,2021-10-26 16:30:25,32.3502,-85.1999,65.98,60,1,9.22
479,Lewistown,US,2021-10-26 16:29:34,40.5992,-77.5714,60.82,82,75,15.46
480,Constitucion,CL,2021-10-26 16:30:26,-35.3333,-72.4167,64.11,65,12,17.65
481,Kulhudhuffushi,MV,2021-10-26 16:30:26,6.6221,73.07,81.52,77,93,10.25
482,Kemijarvi,FI,2021-10-26 16:30:26,66.7131,27.4306,31.44,99,100,4.65
483,Loandjili,CG,2021-10-26 16:30:27,-4.7561,11.8578,80.71,83,75,13.8
484,Larsnes,NO,2021-10-26 16:30:27,62.2028,5.5773,49.01,88,100,10.22
485,Great Bend,US,2021-10-26 16:30:27,38.3645,-98.7648,64.85,86,90,11.01
486,Pacific Grove,US,2021-10-26 16:29:16,36.6177,-121.9166,58.08,81,1,4.61
487,Woodland,US,2021-10-26 16:29:57,38.6785,-121.7733,57.97,89,75,5.01
488,Vejalpur,IN,2021-10-26 16:30:27,22.6833,73.5667,76.66,55,36,7.38
489,Vanimo,PG,2021-10-26 16:30:28,-2.6741,141.3028,78.3,88,86,4.72
490,Pontes E Lacerda,BR,2021-10-26 16:30:28,-15.2261,-59.3353,87.04,42,100,4.68
491,Khakhea,BW,2021-10-26 16:30:29,-24.6895,23.494,85.28,22,4,10.25
492,Verkhoyansk,RU,2021-10-26 16:30:29,67.5447,133.385,-1.61,99,98,0.56
493,Saint-Claude,FR,2021-10-26 16:30:29,46.5,5.8333,55.56,85,66,4.07
494,Qandala,SO,2021-10-26 16:30:30,11.472,49.8728,81.27,62,10,4.23
495,Pompeu,BR,2021-10-26 16:30:30,-19.2244,-44.9353,80.8,55,98,5.14
496,Barra Do Garcas,BR,2021-10-26 16:30:30,-15.89,-52.2567,98.55,30,83,3.27
497,Jackson,US,2021-10-26 16:30:13,42.4165,-122.8345,52.0,94,90,3.44
498,Turukhansk,RU,2021-10-26 16:30:31,65.8167,87.9833,21.7,77,100,17.6
499,Ruteng,ID,2021-10-26 16:30:31,-8.6136,120.4721,63.91,91,100,1.16
500,Fuengirola,ES,2021-10-26 16:30:31,36.54,-4.6247,71.6,67,20,5.75
501,Loviisa,FI,2021-10-26 16:30:32,60.4566,26.2251,48.45,93,100,11.27
502,Yarada,IN,2021-10-26 16:30:32,17.65,83.2667,82.72,78,67,4.61
503,Warri,NG,2021-10-26 16:30:32,5.5167,5.75,80.06,84,90,5.19
504,Marawi,PH,2021-10-26 16:30:33,7.9986,124.2928,69.66,94,85,1.05
505,Bonito,BR,2021-10-26 16:30:33,-21.1211,-56.4819,89.29,31,100,4.36
506,Bathsheba,BB,2021-10-26 16:30:33,13.2167,-59.5167,88.41,62,20,19.57
507,Pafos,CY,2021-10-26 16:28:27,34.7667,32.4167,71.51,68,20,4.61
508,Tomatlan,MX,2021-10-26 16:30:34,19.9333,-105.25,85.14,63,94,1.05
509,Bantry,IE,2021-10-26 16:30:34,51.6833,-9.45,60.75,93,99,19.51
510,Pontianak,ID,2021-10-26 16:30:34,-0.0333,109.3333,76.98,100,90,3.44
511,Broome,US,2021-10-26 16:30:35,42.2506,-75.833,54.01,82,90,1.99
512,Edson,CA,2021-10-26 16:30:35,53.5835,-116.4356,33.94,75,20,8.05
513,Petropavlovsk-Kamchatskiy,RU,2021-10-26 16:30:35,53.0452,158.6483,30.79,100,75,2.24
514,Saldana,CO,2021-10-26 16:30:36,3.9292,-75.0152,85.39,61,83,1.92
515,Qaqortoq,GL,2021-10-26 16:29:11,60.7167,-46.0333,45.1,56,23,6.69
516,Mizdah,LY,2021-10-26 16:30:36,31.4451,12.9801,67.75,63,50,14.14
517,Tereze,RU,2021-10-26 16:30:37,43.9361,42.4434,28.9,86,6,3.91
518,Challapata,BO,2021-10-26 16:30:37,-18.9,-66.7667,59.36,17,9,9.22
519,Huron,US,2021-10-26 16:30:37,41.1501,-82.5499,49.42,79,71,20.6
520,Ginda,IN,2021-10-26 16:30:38,30.6945,78.4932,49.77,59,3,6.15
521,Tselina,RU,2021-10-26 16:30:38,46.5338,41.0328,36.91,48,3,6.38
522,Tairua,NZ,2021-10-26 16:30:38,-37.0167,175.85,60.1,95,93,3.31
523,Puerto Escondido,MX,2021-10-26 16:30:39,15.85,-97.0667,86.29,67,64,5.5
524,Shahrud,IR,2021-10-26 16:30:39,36.4182,54.9763,50.88,63,73,9.75
525,Viedma,AR,2021-10-26 16:30:39,-40.8135,-62.9967,88.74,9,5,18.86
526,Izhma,RU,2021-10-26 16:30:40,65.0083,53.9113,19.13,96,59,2.89
527,Zhangjiakou,CN,2021-10-26 16:30:40,40.81,114.8794,42.49,46,0,5.1
528,Havre-Saint-Pierre,CA,2021-10-26 16:30:40,50.2334,-63.5986,46.99,57,1,3.44
529,Dolores,AR,2021-10-26 16:26:13,-36.3132,-57.6792,82.9,37,9,14.47
530,Laguna,US,2021-10-26 16:28:27,38.421,-121.4238,59.05,86,75,1.99
531,Placido De Castro,BR,2021-10-26 16:30:41,-10.3353,-67.1856,75.47,87,100,1.68
532,Salta,AR,2021-10-26 16:28:31,-24.7859,-65.4117,87.58,16,20,8.99
533,Kingisepp,RU,2021-10-26 16:30:41,59.3733,28.6134,43.36,86,100,7.78
534,Port-Gentil,GA,2021-10-26 16:30:42,-0.7193,8.7815,82.36,78,75,16.11
535,General Jose Eduvigis Diaz,PY,2021-10-26 16:30:42,-27.1667,-58.4167,91.06,27,0,7.45
536,College,US,2021-10-26 16:30:43,64.8569,-147.8028,28.06,96,90,0.0
537,Redondela,ES,2021-10-26 16:30:43,42.2834,-8.6096,70.61,61,0,3.44
538,Lumphat,KH,2021-10-26 16:30:44,13.4878,106.9816,73.42,96,100,2.53
539,Swan Hill,AU,2021-10-26 16:29:53,-35.3378,143.5544,52.88,38,27,7.43
540,Nieuw Nickerie,SR,2021-10-26 16:30:44,5.95,-56.9833,81.07,80,98,7.4
541,Mosquera,CO,2021-10-26 16:30:44,4.7059,-74.2302,64.49,55,75,5.75
